Valid,Valid_,Necessary? copy,Language,"Keyword, hashtag or issue (BOOLEAN)",Translation,Partisanship,Tonality,Theme,Source,Date added,Results,View Posts
invalid,,checked,arm,Գերի OR ռազմագերի OR պատանդ,"Hostage, POWs, detainees",arm,negative,territorial conflict,Monitor keywords,April 2021,Normal,https://ibax-app.com/posts?keyword=Գերի OR ռազմագերի OR պատանդ
invalid,,checked,ru,Карабах AND Заложники,Karabakh AND Hostages,arm,negative,territorial conflict,Monitor keywords,April 2021,Low,https://ibax-app.com/posts?keyword=Карабах AND Заложники
invalid,,checked,ru,Карабах AND ремедиальное отделение,Karabakh AND Remedial cessation,arm,negative,territorial conflict,Monitor keywords,April 2021,Noisy,https://ibax-app.com/posts?keyword=Карабах AND ремедиальное отделение
invalid,,checked,ru,Карабах AND Территориальная целостность,Karabakh AND Territorial integrity,az,negative,territorial conflict,Monitor keywords,April 2021,Noisy,https://ibax-app.com/posts?keyword=Карабах AND Территориальная целостность
invalid,,checked,arm,Ադրբեջան OR Լեռնային Ղարաբաղ AND Հաղորդակցության ուղիներ,Azerbaijan OR Nagorno Karabagh AND Communication channels,bipartite,neutral,territorial conflict,Monitor keywords,April 2021,Low,https://ibax-app.com/posts?keyword=Ադրբեջան OR Լեռնային Ղարաբաղ AND Հաղորդակցության ուղիներ
invalid,,checked,az,Ermənistan OR Qarabağ AND Atəşkəs pozulub,Armenia Or Karabakh and ceasefire violated,bipartite,neutral,territorial conflict,Monitor keywords,April 2021,No,https://ibax-app.com/posts?keyword=Ermənistan OR Qarabağ AND Atəşkəs pozulub
invalid,,checked,az,Məcburi köçkünlər,IDPs,az,neutral,territorial conflict,Monitor keywords,April 2021,Normal,https://ibax-app.com/posts?keyword=Məcburi köçkünlər
invalid,,checked,ru,Карабах И переселенцы,Karabakh AND IDPs,az,neutral,territorial conflict,Monitor keywords,April 2021,Noisy,https://ibax-app.com/posts?keyword=Карабах И переселенцы
invalid,,checked,arm,Ադրբեջան OR Լեռնային Ղարաբաղ AND Բանակցություն,Azerbaijan OR Nagorno-Karabakh AND Negotiation(s),bipartite,positive,territorial conflict,Monitor keywords,April 2021,High,https://ibax-app.com/posts?keyword=Ադրբեջան OR Լեռնային Ղարաբաղ AND Բանակցություն
invalid,,checked,arm,Ադրբեջան OR Լեռնային Ղարաբաղ AND Խաղաղություն,Azerbaijan OR Nagorno-Karabakh AND Peace,bipartite,positive,territorial conflict,Monitor keywords,April 2021,High,https://ibax-app.com/posts?keyword=Ադրբեջան OR Լեռնային Ղարաբաղ AND Խաղաղություն
invalid,,checked,arm,Խաղաղության համաձայնագիր OR պայմանագիր,Peace agreement OR treaty,bipartite,positive,territorial conflict,Monitor keywords,April 2021,High,https://ibax-app.com/posts?keyword=Խաղաղության համաձայնագիր OR պայմանագիր
invalid,,checked,arm,Ադրբեջան OR Լեռնային Ղարաբաղ AND փոխզիջում,Azerbaijan or Nagorno Karabakh and compromise,bipartite,positive,territorial conflict,Monitor keywords,June 2021,Normal,https://ibax-app.com/posts?keyword=Ադրբեջան OR Լեռնային Ղարաբաղ AND փոխզիջում
invalid,,checked,arm,Ադրբեջան OR Լեռնային Ղարաբաղ AND երկխոսություն,Azerbaijan or Nagorno Karabakh and dialogue,bipartite,positive,territorial conflict,Monitor keywords,June 2021,Normal,https://ibax-app.com/posts?keyword=Ադրբեջան OR Լեռնային Ղարաբաղ AND երկխոսություն
invalid,,checked,az,Ermənistan OR Qarabağ AND Kompromis,Armenia Or Karabakh and compromise,bipartite,positive,territorial conflict,Monitor keywords,April 2021,Low,https://ibax-app.com/posts?keyword=Ermənistan OR Qarabağ AND Kompromis
invalid,,checked,az,Ermənistan OR Qarabağ AND Atəşkəs,Armenia Or Karabakh and ceasefire,bipartite,positive,territorial conflict,Monitor keywords,April 2021,Low,https://ibax-app.com/posts?keyword=Ermənistan OR Qarabağ AND Atəşkəs
invalid,,checked,az,Ermənistan OR Qarabağ AND Kommunikasiya xəttləri,Armenia Or Karabakh and Communication Lines,az,positive,territorial conflict,Monitor keywords,April 2021,Low,https://ibax-app.com/posts?keyword=Ermənistan OR Qarabağ AND Kommunikasiya xəttləri
invalid,,checked,az,Ermənistan OR Qarabağ AND Dialoq,Armenia Or Karabakh and Dialogue,az,positive,territorial conflict,Monitor keywords,April 2021,,https://ibax-app.com/posts?keyword=Ermənistan OR Qarabağ AND Dialoq
invalid,,checked,az,Ermənistan OR Qarabağ AND Danışıqlar,Armenia Or Karabakh and Negotiations,az,positive,territorial conflict,Monitor keywords,April 2021,,https://ibax-app.com/posts?keyword=Ermənistan OR Qarabağ AND Danışıqlar
invalid,,checked,az,Ermənistan OR Dağlıq Qarabağ AND İqtisadi əməkdaşlıq,Armenia or Karabakh and Economic cooperation,az,positive,territorial conflict,Monitor keywords,April 2021,,https://ibax-app.com/posts?keyword=Ermənistan OR Dağlıq Qarabağ AND İqtisadi əməkdaşlıq
invalid,,checked,az,Sülhquruculuğu,peacebuilding,bipartite,positive,territorial conflict,Monitor keywords,April 2021,,https://ibax-app.com/posts?keyword=Sülhquruculuğu
invalid,,checked,az,Ermənistan OR Qarabağ AND sülh,Armenia Or Karabakh and Peace,bipartite,positive,territorial conflict,Monitor keywords,June 2021,,https://ibax-app.com/posts?keyword=Ermənistan OR Qarabağ AND sülh
invalid,,checked,ru,Карабах AND безопасность границ,Karabakh AND border security,bipartite,positive,territorial conflict,Monitor keywords,April 2021,,https://ibax-app.com/posts?keyword=Карабах AND безопасность границ
invalid,,checked,ru,Карабах AND Перемирие,Karabakh AND Truce,bipartite,positive,territorial conflict,Monitor keywords,April 2021,,https://ibax-app.com/posts?keyword=Карабах AND Перемирие
invalid,,checked,ru,Карабах AND Сосуществование,Karabakh AND Coexistence,bipartite,positive,territorial conflict,Monitor keywords,April 2021,,https://ibax-app.com/posts?keyword=Карабах AND Сосуществование
invalid,,checked,ru,Карабах AND коммуникации,Karabakh AND Communication channels,bipartite,positive,territorial conflict,Monitor keywords,April 2021,,https://ibax-app.com/posts?keyword=Карабах AND коммуникации
invalid,,checked,ru,Карабах AND Компромисс,Karabakh AND Compromise,bipartite,positive,territorial conflict,Monitor keywords,April 2021,,https://ibax-app.com/posts?keyword=Карабах AND Компромисс
invalid,,checked,ru,Карабах AND Диалог,Karabakh AND Dialogue,bipartite,positive,territorial conflict,Monitor keywords,April 2021,,https://ibax-app.com/posts?keyword=Карабах AND Диалог
invalid,,checked,ru,Карабах AND Экономическое сотрудничество,Karabakh AND Economic cooperation,bipartite,positive,territorial conflict,Monitor keywords,April 2021,,https://ibax-app.com/posts?keyword=Карабах AND Экономическое сотрудничество
invalid,,checked,ru,Карабах AND совместное проживание,Karabakh AND Living together,bipartite,positive,territorial conflict,Monitor keywords,April 2021,,https://ibax-app.com/posts?keyword=Карабах AND совместное проживание
invalid,,checked,ru,Карабах AND Переговоры,Karabakh AND Negotiations,bipartite,positive,territorial conflict,Monitor keywords,April 2021,,https://ibax-app.com/posts?keyword=Карабах AND Переговоры
invalid,,checked,ru,Карабах AND Мирный договор,Karabakh AND Peace agreement/treaty,bipartite,positive,territorial conflict,Monitor keywords,April 2021,,https://ibax-app.com/posts?keyword=Карабах AND Мирный договор
invalid,,checked,ru,Карабах AND Мирное соглашение ,Karabakh AND Peace agreement/treaty,bipartite,positive,territorial conflict,Monitor keywords,April 2021,,https://ibax-app.com/posts?keyword=Карабах AND Мирное соглашение 
invalid,,checked,ru,Карабах AND Миростроительство,Karabakh AND Peacebuilding,bipartite,positive,territorial conflict,Monitor keywords,April 2021,,https://ibax-app.com/posts?keyword=Карабах AND Миростроительство
invalid,,checked,ru,Карабах AND Миротворчество,Karabakh AND Peacebuilding,bipartite,positive,territorial conflict,Monitor keywords,April 2021,,https://ibax-app.com/posts?keyword=Карабах AND Миротворчество
invalid,,checked,ru,Карабах AND Разблокировка связи,Karabakh AND Unblocking communications,bipartite,positive,territorial conflict,Monitor keywords,April 2021,,https://ibax-app.com/posts?keyword=Карабах AND Разблокировка связи
invalid,,checked,en,#nagornokarabakh AND #Reconciliation,#nagornokarabakh AND #Reconciliation,bipartite,positive,territorial conflict,Twitter snowballing,April 2021,,https://ibax-app.com/posts?keyword=#nagornokarabakh AND #Reconciliation
invalid,,checked,arm,հայերի ցեղասպանությունը Սումգայիթում OR Սումգայիթյան ջարդեր,Armenian Genocide in Sumgait Or Sumgait massacres,arm,negative,historical issue,Yerevan Press Club hate speech glossary,April 2021,,https://ibax-app.com/posts?keyword=հայերի ցեղասպանությունը Սումգայիթում OR Սումգայիթյան ջարդեր
invalid,,checked,arm,Արցախ OR Տիգրանակերտ,Artsakh or Tigranakert,arm,neutral,territorial conflict,Yerevan Press Club hate speech glossary,April 2021,,https://ibax-app.com/posts?keyword=Արցախ OR Տիգրանակերտ
valid,,checked,ru,азики,aziks,arm,hate speech,territorial conflict,"Eurasianet (2021) ‘Facebook’s “Supreme Court” upholds limits on Karabakh War hate speech | Eurasianet’, 28 January. Available at: https://eurasianet.org/facebooks-supreme-court-upholds-limits-on-karabakh-war-hate-speech (Accessed: 2 June 2021).",May 2021,Low,https://ibax-app.com/posts?keyword=азики
valid,checked,checked,ru,Армянские дикари,Armenian savages,az,hate speech,territorial conflict,Generic,May 2021,High,https://ibax-app.com/posts?keyword=Армянские дикари
valid,checked,checked,az,Erməni işğalçıları,Armenian occupiers,az,negative,territorial conflict,Generic,April 2021,Noisy,https://ibax-app.com/posts?keyword=Erməni işğalçıları
valid,checked,checked,az,Erməni cinayətləri,Armenian crimes,az,negative,territorial conflict,Generic,June 2021,Normal,https://ibax-app.com/posts?keyword=Erməni cinayətləri
valid,checked,checked,ru,Армянские страдания,Armenian suffering,arm,negative,territorial conflict,Generic,May 2021,Normal,https://ibax-app.com/posts?keyword=Армянские страдания
valid,checked,checked,ru,Справедливость для Армении,Justice for Armenia,arm,negative,territorial conflict,Generic,May 2021,Normal,https://ibax-app.com/posts?keyword=Справедливость для Армении
valid,checked,checked,ru,Азербайджанская жестокость,Azerbaijani cruelty,arm,negative,territorial conflict,Generic,June 2021,Normal,https://ibax-app.com/posts?keyword=Азербайджанская жестокость
valid,checked,checked,ru,Армянские преступления,Armenian crimes,az,negative,territorial conflict,Generic,May 2021,Normal,https://ibax-app.com/posts?keyword=Армянские преступления
valid,checked,checked,ru,справедливость Азербайджану,justice for Azerbaijan,az,negative,territorial conflict,Generic,May 2021,Low,https://ibax-app.com/posts?keyword=справедливость Азербайджану
valid,checked,checked,arm,Տեղահանվածներ,IDPs,bipartite,negative,territorial conflict,Monitor keywords,April 2021,Normal,https://ibax-app.com/posts?keyword=Տեղահանվածներ
valid,checked,checked,arm,Վարձկաններ,Mercenaries,bipartite,negative,territorial conflict,Monitor keywords,April 2021,Low,https://ibax-app.com/posts?keyword=Վարձկաններ
valid,checked,checked,az,Ərazi bütövlüyü,Territorial integrity,az,negative,territorial conflict,Monitor keywords,April 2021,Low,https://ibax-app.com/posts?keyword=Ərazi bütövlüyü
valid,checked,checked,ru,Агрессивная политика Азербайджана,Azerbaijan's aggressive policy,arm,negative,territorial conflict,Monitor keywords,April 2021,Normal,https://ibax-app.com/posts?keyword=Агрессивная политика Азербайджана
valid,checked,checked,ru,Милитаристская политика Азербайджана,Azerbaijan's militaristic policy,arm,negative,territorial conflict,Monitor keywords,April 2021,Normal,https://ibax-app.com/posts?keyword=Милитаристская политика Азербайджана
valid,,checked,ru,Азербайджанская пропаганда,Azerbaijani propaganda,arm,negative,territorial conflict,Monitor keywords,April 2021,Normal,https://ibax-app.com/posts?keyword=Азербайджанская пропаганда
valid,checked,checked,ru,аннексия Нахичевани,annexation of Nakhichevan,arm,negative,historical issue,Monitor keywords,April 2021,Normal,https://ibax-app.com/posts?keyword=аннексия Нахичевани
valid,checked,checked,ru,Армения и Арцах,Armenia and Artsakh,arm,negative,territorial conflict,Monitor keywords,April 2021,Normal,https://ibax-app.com/posts?keyword=Армения и Арцах
valid,checked,checked,ru,Армянские погромы в Баку,Armenian pogroms in Baku,arm,negative,historical issue,Monitor keywords,April 2021,Normal,https://ibax-app.com/posts?keyword=Армянские погромы в Баку
valid,checked,checked,ru,Геноцид армян в Карабахе,Genocide of Armenians in Karabakh,arm,negative,historical issue,Monitor keywords,April 2021,Normal,https://ibax-app.com/posts?keyword=Геноцид армян в Карабахе
valid,checked,checked,ru,Резня в Мараге,Maragha massacres,arm,negative,historical issue,Monitor keywords,April 2021,Low,https://ibax-app.com/posts?keyword=Резня в Мараге
valid,checked,checked,ru,Карабах AND Зверства,Karabakh AND atrocities,arm,negative,territorial conflict,Monitor keywords,April 2021,No,https://ibax-app.com/posts?keyword=Карабах AND Зверства
valid,checked,checked,ru,Карабах AND Самоопределение,Karabakh AND Self-determination,arm,negative,territorial conflict,Monitor keywords,April 2021,No,https://ibax-app.com/posts?keyword=Карабах AND Самоопределение
valid,checked,checked,ru,резня в Сумгаите,Sumgait pogrom,arm,negative,historical issue,Monitor keywords,April 2021,No,https://ibax-app.com/posts?keyword=резня в Сумгаите
valid,checked,checked,ru,геноцид армян в Сумгаите,the genocide of Armenians in Sumgait,arm,negative,historical issue,Monitor keywords,April 2021,No,https://ibax-app.com/posts?keyword=геноцид армян в Сумгаите
valid,checked,checked,ru,Кашатаг,Kashatagh,arm,negative,historical issue,Monitor keywords,April 2021,No,https://ibax-app.com/posts?keyword=Кашатаг
valid,checked,checked,ru,Оккупация Нахичевана,Nakhichevan occupation,arm,negative,territorial conflict,Monitor keywords,April 2021,No,https://ibax-app.com/posts?keyword=Оккупация Нахичевана
valid,checked,checked,ru,Карвачар,Karvachar,arm,negative,territorial conflict,Monitor keywords,April 2021,No,https://ibax-app.com/posts?keyword=Карвачар
valid,checked,checked,arm,Հրադադար,Ceasefire,bipartite,neutral,territorial conflict,Monitor keywords,April 2021,Low,https://ibax-app.com/posts?keyword=Հրադադար
valid,checked,checked,arm,Անջատում հանուն փրկության,Remedial cessation,bipartite,neutral,territorial conflict,Monitor keywords,April 2021,Noisy,https://ibax-app.com/posts?keyword=Անջատում հանուն փրկության
valid,checked,checked,arm,Ինքնորոշում,Self-determination,arm,neutral,territorial conflict,Monitor keywords,April 2021,No,https://ibax-app.com/posts?keyword=Ինքնորոշում
valid,checked,checked,arm,սահմանների անվտանգությունը,border security,arm,neutral,territorial conflict,Monitor keywords,April 2021,Low,https://ibax-app.com/posts?keyword=սահմանների անվտանգությունը
valid,checked,checked,az,Minaların xəritəsi,Minefield maps,az,neutral,territorial conflict,Monitor keywords,April 2021,Noisy,https://ibax-app.com/posts?keyword=Minaların xəritəsi
valid,checked,checked,ru,Азербайджанские беженцы,Azerbaijani refugees,az,neutral,territorial conflict,Monitor keywords,April 2021,Noisy,https://ibax-app.com/posts?keyword=Азербайджанские беженцы
valid,checked,checked,ru,Азербайджанские беженцы,Azerbaijani refugees,az,neutral,territorial conflict,Monitor keywords,April 2021,Noisy,https://ibax-app.com/posts?keyword=Азербайджанские беженцы
valid,checked,checked,ru,Карабах AND военнопленные,Karabakh AND pows,arm,neutral,territorial conflict,Monitor keywords,April 2021,Noisy,https://ibax-app.com/posts?keyword=Карабах AND военнопленные
valid,checked,checked,arm,Համակեցություն,Coexistence,bipartite,positive,territorial conflict,Monitor keywords,April 2021,Noisy,https://ibax-app.com/posts?keyword=Համակեցություն
valid,checked,checked,arm,Վստահության մեխանիզմ,Confidence mechanism,bipartite,positive,territorial conflict,Monitor keywords,April 2021,Noisy,https://ibax-app.com/posts?keyword=Վստահության մեխանիզմ
valid,checked,checked,arm,Ուժի կիրառման բացառում,Exclusion of use of force,bipartite,positive,territorial conflict,Monitor keywords,April 2021,High,https://ibax-app.com/posts?keyword=Ուժի կիրառման բացառում
valid,checked,checked,arm,Խաղաղաշինություն,Peacebuilding,bipartite,positive,territorial conflict,Monitor keywords,April 2021,High,https://ibax-app.com/posts?keyword=Խաղաղաշինություն
valid,checked,checked,arm,Խաղաղարարություն,Peacemaking,bipartite,positive,territorial conflict,Monitor keywords,April 2021,High,https://ibax-app.com/posts?keyword=Խաղաղարարություն
valid,checked,checked,arm,Վերակառուցում,Reconstruction,bipartite,positive,territorial conflict,Monitor keywords,April 2021,No,https://ibax-app.com/posts?keyword=Վերակառուցում
valid,checked,checked,arm,Համատեղ օգտագործման ջրային ռեսուրսներ,Shared water resources,bipartite,positive,territorial conflict,Monitor keywords,April 2021,No,https://ibax-app.com/posts?keyword=Համատեղ օգտագործման ջրային ռեսուրսներ
valid,checked,checked,arm,Հակամարտությունն ավարտված է,the conflict is over,bipartite,positive,territorial conflict,Monitor keywords,April 2021,No,https://ibax-app.com/posts?keyword=Հակամարտությունն ավարտված է
valid,checked,checked,arm,Ապաշրջափակում,Unblocking communications,bipartite,positive,territorial conflict,Monitor keywords,April 2021,No,https://ibax-app.com/posts?keyword=Ապաշրջափակում
valid,checked,checked,arm,Հայոց ցեղասպանության ճանաչում,Armenian Genocide recognition,arm,positive,historical issue,Monitor keywords,June 2021,Normal,https://ibax-app.com/posts?keyword=Հայոց ցեղասպանության ճանաչում
valid,checked,checked,arm,Տարածքային ամբողջականություն,Territorial integrity,bipartite,positive,territorial conflict,Monitor keywords,April 2021,Normal,https://ibax-app.com/posts?keyword=Տարածքային ամբողջականություն
valid,checked,checked,az,Sərhədlərin açılması,Opening of borders,bipartite,positive,territorial conflict,Monitor keywords,April 2021,,https://ibax-app.com/posts?keyword=Sərhədlərin açılması
valid,checked,checked,az,Sülh müqaviləsi,Peace Agreement,bipartite,positive,territorial conflict,Monitor keywords,April 2021,,https://ibax-app.com/posts?keyword=Sülh müqaviləsi
valid,checked,checked,az,Sülh sazişi,Peace Agreement,bipartite,positive,territorial conflict,Monitor keywords,April 2021,,https://ibax-app.com/posts?keyword=Sülh sazişi
valid,checked,checked,az,Öz müqəddaratını təyin etmə,Self-determination,arm,positive,territorial conflict,Monitor keywords,April 2021,,https://ibax-app.com/posts?keyword=Öz müqəddaratını təyin etmə
valid,checked,checked,arm,Ադրբեջանի ոչնչացումը,Destruction of Azerbaijan,arm,hate speech,territorial conflict,Sentence tagging,June 2021,,https://ibax-app.com/posts?keyword=Ադրբեջանի ոչնչացումը
valid,checked,checked,arm,Ադրբեջանական բարբարոսություն,Azerbaijani barbarism,arm,hate speech,territorial conflict,Sentence tagging,June 2021,,https://ibax-app.com/posts?keyword=Ադրբեջանական բարբարոսություն
valid,checked,checked,arm,Ադրբեջանական դաժանություն,Azerbaijani Brutality,arm,hate speech,territorial conflict,Sentence tagging,June 2021,,https://ibax-app.com/posts?keyword=Ադրբեջանական դաժանություն
valid,checked,checked,arm,ոչնչացնել հայերին,destruction of Armenians,az,hate speech,territorial conflict,Sentence tagging,June 2021,,https://ibax-app.com/posts?keyword=ոչնչացնել հայերին
valid,checked,checked,arm,հայ վայրենիներ,Armenian savagery,az,hate speech,territorial conflict,Sentence tagging,June 2021,,https://ibax-app.com/posts?keyword=հայ վայրենիներ
valid,checked,checked,arm,Հայ գազաններ,Armenian beasts,az,hate speech,territorial conflict,Sentence tagging,June 2021,,https://ibax-app.com/posts?keyword=Հայ գազաններ
valid,checked,checked,az,erməni teroristləri,Armenian terrorists,az,hate speech,territorial conflict,Sentence tagging,June 2021,,https://ibax-app.com/posts?keyword=erməni teroristləri
valid,checked,checked,az,erməni terroru,Armenian terror,az,hate speech,territorial conflict,Sentence tagging,June 2021,,https://ibax-app.com/posts?keyword=erməni terroru
valid,checked,checked,az,erməni vandalizmi,Armenian vandalism,az,hate speech,territorial conflict,Sentence tagging,June 2021,,https://ibax-app.com/posts?keyword=erməni vandalizmi
valid,checked,checked,az,erməni barbarları,Armenian barbarians,az,hate speech,territorial conflict,Sentence tagging,June 2021,,https://ibax-app.com/posts?keyword=erməni barbarları
valid,checked,checked,az,erməni faşizmi,Armenian fascism,az,hate speech,territorial conflict,Sentence tagging,June 2021,,https://ibax-app.com/posts?keyword=erməni faşizmi
valid,checked,checked,az,erməni yalanları,Armenian lies,az,hate speech,territorial conflict,Sentence tagging,June 2021,,https://ibax-app.com/posts?keyword=erməni yalanları
valid,checked,checked,az,erməni terrorçu,Armenian terrorist,az,hate speech,territorial conflict,Sentence tagging,June 2021,,https://ibax-app.com/posts?keyword=erməni terrorçu
valid,checked,checked,az,erməni terroristlər,Armenian terrorists,az,hate speech,territorial conflict,Sentence tagging,June 2021,,https://ibax-app.com/posts?keyword=erməni terroristlər
valid,checked,checked,az,erməni vandalları,Armenian vandals,az,hate speech,territorial conflict,Sentence tagging,June 2021,,https://ibax-app.com/posts?keyword=erməni vandalları
valid,checked,checked,az,şərəfsiz erməni,dishonorable Armenian,az,hate speech,territorial conflict,Sentence tagging,June 2021,,https://ibax-app.com/posts?keyword=şərəfsiz erməni
valid,checked,checked,az,erməni vəhşilikləri,Armenian atrocities,az,hate speech,territorial conflict,Sentence tagging,June 2021,,https://ibax-app.com/posts?keyword=erməni vəhşilikləri
valid,checked,checked,ru,Армянское варварство,Armenian barbarism,az,hate speech,territorial conflict,Sentence tagging,June 2021,,https://ibax-app.com/posts?keyword=Армянское варварство
valid,checked,checked,ru,азербайджанские вандалы,Azerbaijani vandals,arm,hate speech,territorial conflict,Sentence tagging,June 2021,,https://ibax-app.com/posts?keyword=азербайджанские вандалы
valid,checked,checked,ru,армянские варвары,Armenian barbarians,az,hate speech,territorial conflict,Sentence tagging,June 2021,,https://ibax-app.com/posts?keyword=армянские варвары
valid,checked,checked,ru,армянские фашисты,Armenian fascists,az,hate speech,territorial conflict,Sentence tagging,June 2021,,https://ibax-app.com/posts?keyword=армянские фашисты
valid,checked,checked,ru,армянские террористы,Armenian terrorists,az,hate speech,territorial conflict,Sentence tagging,June 2021,,https://ibax-app.com/posts?keyword=армянские террористы
valid,checked,checked,ru,армянские вандалы,Armenian vandals,az,hate speech,territorial conflict,Sentence tagging,June 2021,,https://ibax-app.com/posts?keyword=армянские вандалы
valid,checked,checked,ru,Азербайджанские зверства,Azerbaijani atrocities,arm,hate speech,territorial conflict,Sentence tagging,June 2021,,https://ibax-app.com/posts?keyword=Азербайджанские зверства
valid,checked,checked,ru,армянские зверства,Armenian atrocities,az,hate speech,territorial conflict,Sentence tagging,June 2021,,https://ibax-app.com/posts?keyword=армянские зверства
valid,checked,checked,arm,ադրբեջանական ագրեսիա,Azerbaijani aggression,arm,negative,territorial conflict,Sentence tagging,June 2021,,https://ibax-app.com/posts?keyword=ադրբեջանական ագրեսիա
valid,checked,checked,arm,Ադրբեջանական արյուն,Azerbaijani blood,arm,negative,territorial conflict,Sentence tagging,June 2021,,https://ibax-app.com/posts?keyword=Ադրբեջանական արյուն
valid,checked,checked,arm,Ադրբեջանական հանցագործություններ,Azerbaijani crimes,arm,negative,territorial conflict,Sentence tagging,June 2021,,https://ibax-app.com/posts?keyword=Ադրբեջանական հանցագործություններ
valid,checked,checked,az,təcavüzkar ermənistan,aggressive Armenia,az,negative,territorial conflict,Sentence tagging,June 2021,,https://ibax-app.com/posts?keyword=təcavüzkar ermənistan
valid,checked,checked,az,ermənistanın təcavüzü,Armenian aggression,az,negative,territorial conflict,Sentence tagging,June 2021,,https://ibax-app.com/posts?keyword=ermənistanın təcavüzü
valid,checked,checked,az,erməni saxtakarlığı,Armenian fraud,az,negative,territorial conflict,Sentence tagging,June 2021,,https://ibax-app.com/posts?keyword=erməni saxtakarlığı
valid,checked,checked,az,Karabakh ,Karabakh,bipartite,negative,territorial conflict,Sentence tagging,June 2021,,https://ibax-app.com/posts?keyword=Karabakh 
valid,checked,checked,az,erməni təxribatları,Armenian provocations,az,negative,territorial conflict,Sentence tagging,June 2021,,https://ibax-app.com/posts?keyword=erməni təxribatları
valid,checked,checked,az,erməni separatçıları,Armenian separatists,az,negative,territorial conflict,Sentence tagging,June 2021,,https://ibax-app.com/posts?keyword=erməni separatçıları
valid,checked,checked,az,erməni işğalı,Armenian invasion,az,negative,territorial conflict,Sentence tagging,June 2021,,https://ibax-app.com/posts?keyword=erməni işğalı
valid,checked,checked,az,işğalçı ermənistan,occupant  Armenia,az,negative,territorial conflict,Sentence tagging,June 2021,,https://ibax-app.com/posts?keyword=işğalçı ermənistan
valid,checked,checked,ru,армянская оккупация,Armenian an occupation,az,negative,territorial conflict,Sentence tagging,June 2021,,https://ibax-app.com/posts?keyword=армянская оккупация
valid,checked,checked,ru,армянские провокации,Armenian provocations,az,negative,territorial conflict,Sentence tagging,June 2021,,https://ibax-app.com/posts?keyword=армянские провокации
valid,checked,checked,ru,армянские сепаратисты,Armenian separatists,az,negative,territorial conflict,Sentence tagging,June 2021,,https://ibax-app.com/posts?keyword=армянские сепаратисты
valid,checked,checked,ru,Жестокость AND Азербайджан,Azerbaijan brutality,arm,negative,territorial conflict,Sentence tagging,June 2021,,https://ibax-app.com/posts?keyword=Жестокость AND Азербайджан
valid,checked,checked,ru,Азербайджанская жестокость,Azerbaijani Brutality,arm,negative,territorial conflict,Sentence tagging,June 2021,,https://ibax-app.com/posts?keyword=Азербайджанская жестокость
valid,checked,checked,ru,Азербайджанские преступления,Azerbaijani crimes,arm,negative,territorial conflict,Sentence tagging,June 2021,,https://ibax-app.com/posts?keyword=Азербайджанские преступления
valid,checked,checked,ru,Кровь азербайджанцев,Azerbaijanis blood,arm,negative,territorial conflict,Sentence tagging,June 2021,,https://ibax-app.com/posts?keyword=Кровь азербайджанцев
valid,checked,checked,ru,армянские преступления,Armenian crimes,az,negative,territorial conflict,Sentence tagging,June 2021,,https://ibax-app.com/posts?keyword=армянские преступления
valid,checked,checked,ru,армянские оккупанты,Armenian the occupiers,az,negative,territorial conflict,Sentence tagging,June 2021,,https://ibax-app.com/posts?keyword=армянские оккупанты
valid,checked,checked,ru,Азербайджанские варвары,Azerbaijani barbarians,arm,hate speech,territorial conflict,The Human Rights Defender of Armenia and The Human Rights Ombudsman of Artsakh (2020) Organised hate speech and animosity towards ethnic Armenians in Azerbaijan as root causes of ethnically-based torture and inhuman treatment by Azerbaijani Armed Forces. Ad hoc public report. Yerevan Stepanakert.,May 2021,,https://ibax-app.com/posts?keyword=Азербайджанские варвары
valid,checked,checked,ru,трусливые азербайджанцы,Cowardly Azerbaijanis,arm,hate speech,territorial conflict,The Human Rights Defender of Armenia and The Human Rights Ombudsman of Artsakh (2020) Organised hate speech and animosity towards ethnic Armenians in Azerbaijan as root causes of ethnically-based torture and inhuman treatment by Azerbaijani Armed Forces. Ad hoc public report. Yerevan Stepanakert.,May 2021,,https://ibax-app.com/posts?keyword=трусливые азербайджанцы
valid,checked,checked,ru,Азербайджанская дикость,Azerbaijani wildness,arm,hate speech,territorial conflict,The Human Rights Defender of Armenia and The Human Rights Ombudsman of Artsakh (2020) Organised hate speech and animosity towards ethnic Armenians in Azerbaijan as root causes of ethnically-based torture and inhuman treatment by Azerbaijani Armed Forces. Ad hoc public report. Yerevan Stepanakert.,May 2021,,https://ibax-app.com/posts?keyword=Азербайджанская дикость
valid,checked,checked,arm,ոչնչացնել ադրբեջանցիներին,destroy the Azerbaijanis,arm,incitement,territorial conflict,The Human Rights Defender of Armenia and The Human Rights Ombudsman of Artsakh (2020) Organised hate speech and animosity towards ethnic Armenians in Azerbaijan as root causes of ethnically-based torture and inhuman treatment by Azerbaijani Armed Forces. Ad hoc public report. Yerevan Stepanakert.,May 2021,,https://ibax-app.com/posts?keyword=ոչնչացնել ադրբեջանցիներին
valid,checked,checked,arm,սպանել ադրբեջանցիներին,kill the Azerbaijanis,arm,incitement,territorial conflict,The Human Rights Defender of Armenia and The Human Rights Ombudsman of Artsakh (2020) Organised hate speech and animosity towards ethnic Armenians in Azerbaijan as root causes of ethnically-based torture and inhuman treatment by Azerbaijani Armed Forces. Ad hoc public report. Yerevan Stepanakert.,May 2021,,https://ibax-app.com/posts?keyword=սպանել ադրբեջանցիներին
valid,checked,checked,az,#itiqovankimi,throw like dogs,az,incitement,territorial conflict,The Human Rights Defender of Armenia and The Human Rights Ombudsman of Artsakh (2020) Organised hate speech and animosity towards ethnic Armenians in Azerbaijan as root causes of ethnically-based torture and inhuman treatment by Azerbaijani Armed Forces. Ad hoc public report. Yerevan Stepanakert.,May 2021,,https://ibax-app.com/posts?keyword=#itiqovankimi
valid,checked,checked,az,ermənilərə ölüm,death to Armenians,az,incitement,,The Human Rights Defender of Armenia and The Human Rights Ombudsman of Artsakh (2020) Organised hate speech and animosity towards ethnic Armenians in Azerbaijan as root causes of ethnically-based torture and inhuman treatment by Azerbaijani Armed Forces. Ad hoc public report. Yerevan Stepanakert.,May 2021,,https://ibax-app.com/posts?keyword=ermənilərə ölüm
valid,checked,checked,az,ən yaxşı erməni ölü ermənidir,the best Armenian is a dead Armenian,az,incitement,,The Human Rights Defender of Armenia and The Human Rights Ombudsman of Artsakh (2020) Organised hate speech and animosity towards ethnic Armenians in Azerbaijan as root causes of ethnically-based torture and inhuman treatment by Azerbaijani Armed Forces. Ad hoc public report. Yerevan Stepanakert.,May 2021,,https://ibax-app.com/posts?keyword=ən yaxşı erməni ölü ermənidir
valid,checked,checked,ru,смерть азербайджанцам,Death of Azerbaijanis,arm,incitement,,The Human Rights Defender of Armenia and The Human Rights Ombudsman of Artsakh (2020) Organised hate speech and animosity towards ethnic Armenians in Azerbaijan as root causes of ethnically-based torture and inhuman treatment by Azerbaijani Armed Forces. Ad hoc public report. Yerevan Stepanakert.,May 2021,,https://ibax-app.com/posts?keyword=смерть азербайджанцам
valid,checked,checked,ru,уничтожить азербайджанцев,destroy the Azerbaijanis,arm,incitement,,The Human Rights Defender of Armenia and The Human Rights Ombudsman of Artsakh (2020) Organised hate speech and animosity towards ethnic Armenians in Azerbaijan as root causes of ethnically-based torture and inhuman treatment by Azerbaijani Armed Forces. Ad hoc public report. Yerevan Stepanakert.,May 2021,,https://ibax-app.com/posts?keyword=уничтожить азербайджанцев
valid,checked,checked,ru,убить азербайджанцев,kill the Azerbaijanis,arm,incitement,,The Human Rights Defender of Armenia and The Human Rights Ombudsman of Artsakh (2020) Organised hate speech and animosity towards ethnic Armenians in Azerbaijan as root causes of ethnically-based torture and inhuman treatment by Azerbaijani Armed Forces. Ad hoc public report. Yerevan Stepanakert.,May 2021,,https://ibax-app.com/posts?keyword=убить азербайджанцев
valid,checked,checked,ru,лучший армянин - мертвый армянин,Best Armenian - Dead Armenian,az,incitement,,The Human Rights Defender of Armenia and The Human Rights Ombudsman of Artsakh (2020) Organised hate speech and animosity towards ethnic Armenians in Azerbaijan as root causes of ethnically-based torture and inhuman treatment by Azerbaijani Armed Forces. Ad hoc public report. Yerevan Stepanakert.,May 2021,,https://ibax-app.com/posts?keyword=лучший армянин - мертвый армянин
valid,checked,checked,ru,лучший азербайджанец - мертвый азербайджанец,Best Azerbaijani - Dead Azerbaijan,arm,incitement,,The Human Rights Defender of Armenia and The Human Rights Ombudsman of Artsakh (2020) Organised hate speech and animosity towards ethnic Armenians in Azerbaijan as root causes of ethnically-based torture and inhuman treatment by Azerbaijani Armed Forces. Ad hoc public report. Yerevan Stepanakert.,May 2021,,https://ibax-app.com/posts?keyword=лучший азербайджанец - мертвый азербайджанец
valid,checked,checked,ru,смерть армянам,Death for Armenians,az,incitement,,The Human Rights Defender of Armenia and The Human Rights Ombudsman of Artsakh (2020) Organised hate speech and animosity towards ethnic Armenians in Azerbaijan as root causes of ethnically-based torture and inhuman treatment by Azerbaijani Armed Forces. Ad hoc public report. Yerevan Stepanakert.,May 2021,,https://ibax-app.com/posts?keyword=смерть армянам
valid,checked,checked,arm,Մարաղայի կոտորած,Maraga massacre,arm,negative,historical issue,The Human Rights Defender of Armenia and The Human Rights Ombudsman of Artsakh (2020) Organised hate speech and animosity towards ethnic Armenians in Azerbaijan as root causes of ethnically-based torture and inhuman treatment by Azerbaijani Armed Forces. Ad hoc public report. Yerevan Stepanakert.,May 2021,,https://ibax-app.com/posts?keyword=Մարաղայի կոտորած
valid,checked,checked,az,Azərbaycanlıların soyqırımı,Genocide of Azerbaijanis,az,negative,historical issue,The Human Rights Defender of Armenia and The Human Rights Ombudsman of Artsakh (2020) Organised hate speech and animosity towards ethnic Armenians in Azerbaijan as root causes of ethnically-based torture and inhuman treatment by Azerbaijani Armed Forces. Ad hoc public report. Yerevan Stepanakert.,May 2021,,https://ibax-app.com/posts?keyword=Azərbaycanlıların soyqırımı
valid,checked,checked,ru,Азербайджанские преступления,Azerbaijani crimes,arm,negative,territorial conflict,The Human Rights Defender of Armenia and The Human Rights Ombudsman of Artsakh (2020) Organised hate speech and animosity towards ethnic Armenians in Azerbaijan as root causes of ethnically-based torture and inhuman treatment by Azerbaijani Armed Forces. Ad hoc public report. Yerevan Stepanakert.,May 2021,,https://ibax-app.com/posts?keyword=Азербайджанские преступления
valid,checked,checked,ru,Хайбаликендская резня,Khaibalikend massacre,arm,negative,historical issue,The Human Rights Defender of Armenia and The Human Rights Ombudsman of Artsakh (2020) Organised hate speech and animosity towards ethnic Armenians in Azerbaijan as root causes of ethnically-based torture and inhuman treatment by Azerbaijani Armed Forces. Ad hoc public report. Yerevan Stepanakert.,May 2021,,https://ibax-app.com/posts?keyword=Хайбаликендская резня
valid,checked,checked,ru,Резня армян в Баку,Armenian massacre in Baku,arm,negative,historical issue,The Human Rights Defender of Armenia and The Human Rights Ombudsman of Artsakh (2020) Organised hate speech and animosity towards ethnic Armenians in Azerbaijan as root causes of ethnically-based torture and inhuman treatment by Azerbaijani Armed Forces. Ad hoc public report. Yerevan Stepanakert.,May 2021,,https://ibax-app.com/posts?keyword=Резня армян в Баку
valid,checked,checked,ru,Бакинский погром,Baku pogrom,arm,negative,historical issue,The Human Rights Defender of Armenia and The Human Rights Ombudsman of Artsakh (2020) Organised hate speech and animosity towards ethnic Armenians in Azerbaijan as root causes of ethnically-based torture and inhuman treatment by Azerbaijani Armed Forces. Ad hoc public report. Yerevan Stepanakert.,May 2021,,https://ibax-app.com/posts?keyword=Бакинский погром
valid,checked,checked,ru,Резня в Мараге,Massage in Marage,arm,negative,historical issue,The Human Rights Defender of Armenia and The Human Rights Ombudsman of Artsakh (2020) Organised hate speech and animosity towards ethnic Armenians in Azerbaijan as root causes of ethnically-based torture and inhuman treatment by Azerbaijani Armed Forces. Ad hoc public report. Yerevan Stepanakert.,May 2021,,https://ibax-app.com/posts?keyword=Резня в Мараге
valid,checked,checked,en,armeniaisaterroriststate,armeniaisaterroriststate.,az,hate speech,territorial conflict,Top 500 most posted hashtags from our dataset,June 2021,,https://ibax-app.com/posts?keyword=armeniaisaterroriststate
valid,checked,checked,en,armeniaisaterrorstate,ARMENIAISERRORSTATE,az,hate speech,territorial conflict,Top 500 most posted hashtags from our dataset,June 2021,,https://ibax-app.com/posts?keyword=armeniaisaterrorstate
valid,checked,checked,en,armenianterrorism,Armenianterrorism,az,hate speech,territorial conflict,Top 500 most posted hashtags from our dataset,June 2021,,https://ibax-app.com/posts?keyword=armenianterrorism
valid,checked,checked,en,armenianterrorists,armenianterrorists,az,hate speech,territorial conflict,Top 500 most posted hashtags from our dataset,June 2021,,https://ibax-app.com/posts?keyword=armenianterrorists
valid,checked,checked,en,armenianvandalism,ArmenianWandalism,az,hate speech,territorial conflict,Top 500 most posted hashtags from our dataset,June 2021,,https://ibax-app.com/posts?keyword=armenianvandalism
valid,checked,checked,en,stoparmenianvandalism,Stoparmenvandalism,az,hate speech,territorial conflict,Top 500 most posted hashtags from our dataset,June 2021,Low,https://ibax-app.com/posts?keyword=stoparmenianvandalism
valid,checked,checked,en,stoparmenianbarbarism,Stoparmenbarbarism,az,hate speech,territorial conflict,Top 500 most posted hashtags from our dataset,June 2021,No,https://ibax-app.com/posts?keyword=stoparmenianbarbarism
valid,checked,checked,en,stoparmenianfascism,Stoparmenianfascism,az,hate speech,territorial conflict,Top 500 most posted hashtags from our dataset,June 2021,Low,https://ibax-app.com/posts?keyword=stoparmenianfascism
valid,checked,checked,en,stoparmenianterror,Stoparmenianroror,az,hate speech,territorial conflict,Top 500 most posted hashtags from our dataset,June 2021,,https://ibax-app.com/posts?keyword=stoparmenianterror
valid,checked,checked,en,stoparmenianterrorism,Stoparmenianrorrorism,az,hate speech,territorial conflict,Top 500 most posted hashtags from our dataset,June 2021,,https://ibax-app.com/posts?keyword=stoparmenianterrorism
valid,checked,checked,en,stoparmeniaterrorism,Stoparmeniaterrorism,az,hate speech,territorial conflict,Top 500 most posted hashtags from our dataset,June 2021,,https://ibax-app.com/posts?keyword=stoparmeniaterrorism
valid,checked,checked,en,terroristarmenia,Terroristarmenia,az,hate speech,territorial conflict,Top 500 most posted hashtags from our dataset,June 2021,,https://ibax-app.com/posts?keyword=terroristarmenia
valid,checked,checked,en,armenianterror,ArmenianRor.,az,hate speech,territorial conflict,Top 500 most posted hashtags from our dataset,June 2021,,https://ibax-app.com/posts?keyword=armenianterror
valid,checked,checked,az,qələbəbizimdir,victory is ours,az,negative,territorial conflict,Top 500 most posted hashtags from our dataset,June 2021,,https://ibax-app.com/posts?keyword=qələbəbizimdir
valid,checked,checked,az,qarabağazərbaycandır,Karabakh is Azerbaijan,az,negative,territorial conflict,Top 500 most posted hashtags from our dataset,June 2021,,https://ibax-app.com/posts?keyword=qarabağazərbaycandır
valid,checked,checked,az,Qarabağ,Karabakh,az,negative,territorial conflict,Top 500 most posted hashtags from our dataset,June 2021,,https://ibax-app.com/posts?keyword=Qarabağ
valid,checked,checked,en,wewillrebuildkarabakh,wewillrebuildkarabakh,az,negative,territorial conflict,Top 500 most posted hashtags from our dataset,June 2021,,https://ibax-app.com/posts?keyword=wewillrebuildkarabakh
valid,checked,checked,en,stopazerbaijaniaggression,stopazerbaijaniaggression,arm,negative,territorial conflict,Top 500 most posted hashtags from our dataset,June 2021,,https://ibax-app.com/posts?keyword=stopazerbaijaniaggression
valid,checked,checked,en,armenianlies,Armenianlies,az,negative,territorial conflict,Top 500 most posted hashtags from our dataset,June 2021,,https://ibax-app.com/posts?keyword=armenianlies
valid,checked,checked,en,armenianoccupation,armenianoccupation,az,negative,territorial conflict,Top 500 most posted hashtags from our dataset,June 2021,,https://ibax-app.com/posts?keyword=armenianoccupation
valid,checked,checked,en,armenianwarcrimes,ArmenianwarCrimes,az,negative,territorial conflict,Top 500 most posted hashtags from our dataset,June 2021,,https://ibax-app.com/posts?keyword=armenianwarcrimes
valid,checked,checked,en,dontbelievearmenia,DontBelieve Tearmenia,az,negative,territorial conflict,Top 500 most posted hashtags from our dataset,June 2021,,https://ibax-app.com/posts?keyword=dontbelievearmenia
valid,checked,checked,en,dontbelievearmenianlies,Dontbelieveearmenianlies,az,negative,territorial conflict,Top 500 most posted hashtags from our dataset,June 2021,,https://ibax-app.com/posts?keyword=dontbelievearmenianlies
valid,checked,checked,en,Shusha,Shusha  ,az,negative,territorial conflict,Top 500 most posted hashtags from our dataset,June 2021,,https://ibax-app.com/posts?keyword=Shusha
valid,checked,checked,en,karabakhisazerbaijan,karabakhisazerbaijan,az,negative,territorial conflict,Top 500 most posted hashtags from our dataset,June 2021,,https://ibax-app.com/posts?keyword=karabakhisazerbaijan
valid,checked,checked,en,Lachin,Lachin,az,negative,territorial conflict,Top 500 most posted hashtags from our dataset,June 2021,,https://ibax-app.com/posts?keyword=Lachin
valid,checked,checked,en,armeniangenocidefiction,armeniangenocidefiction,az,negative,territorial conflict,Top 500 most posted hashtags from our dataset,June 2021,,https://ibax-app.com/posts?keyword=armeniangenocidefiction
valid,checked,checked,en,fakearmeniangenocide,fakearmeniangenocide,az,negative,historical issue,Top 500 most posted hashtags from our dataset,June 2021,,https://ibax-app.com/posts?keyword=fakearmeniangenocide
valid,checked,checked,en,recognizeartsakh,recognizeartsakh,arm,negative,territorial conflict,Top 500 most posted hashtags from our dataset,June 2021,,https://ibax-app.com/posts?keyword=recognizeartsakh
valid,checked,checked,az,Qubadlı,Gubadli,az,negative,territorial conflict,Top 500 most posted hashtags from our dataset,June 2021,,https://ibax-app.com/posts?keyword=Qubadlı
valid,checked,checked,en,Gubadli,Gubadli,az,negative,historical issue,Top 500 most posted hashtags from our dataset,June 2021,,https://ibax-app.com/posts?keyword=Gubadli
valid,checked,checked,en,Zangilan,Zangilan,az,negative,territorial conflict,Top 500 most posted hashtags from our dataset,June 2021,,https://ibax-app.com/posts?keyword=Zangilan
valid,checked,checked,en,Zəngilan,Zangilan,az,negative,territorial conflict,Top 500 most posted hashtags from our dataset,June 2021,,https://ibax-app.com/posts?keyword=Zəngilan
valid,checked,checked,en,Fuzuli,Fuzuli,az,negative,historical issue,Top 500 most posted hashtags from our dataset,June 2021,,https://ibax-app.com/posts?keyword=Fuzuli
valid,checked,checked,az,Füzuli,Fuzuli,az,negative,historical issue,Top 500 most posted hashtags from our dataset,June 2021,,https://ibax-app.com/posts?keyword=Füzuli
valid,checked,checked,en,justiceforkhojaly,justiceforkhojaly,az,negative,historical issue,Top 500 most posted hashtags from our dataset,June 2021,,https://ibax-app.com/posts?keyword=justiceforkhojaly
valid,checked,checked,en,khojalygenocide,khojalygenocide,az,negative,historical issue,Top 500 most posted hashtags from our dataset,June 2021,,https://ibax-app.com/posts?keyword=khojalygenocide
valid,checked,checked,ru,карабахэтоазербайджан,KarabakhToamezerbayage,az,negative,territorial conflict,Top 500 most posted hashtags from our dataset,June 2021,,https://ibax-app.com/posts?keyword=карабахэтоазербайджан
valid,checked,checked,en,nkpeace,nkpeace,bipartite,positive,territorial conflict,Top 500 most posted hashtags from our dataset,June 2021,,https://ibax-app.com/posts?keyword=nkpeace
valid,checked,checked,arm,#գյոռբագյոռ,#gravebygrave,arm,hate speech,territorial conflict,Twitter snowballing,April 2021,,https://ibax-app.com/posts?keyword=#գյոռբագյոռ
valid,checked,checked,arm,#հաղթելուենք,#We will win,arm,negative,confrontational,Twitter snowballing,April 2021,,https://ibax-app.com/posts?keyword=#հաղթելուենք
valid,checked,checked,en,#SanctionAzerbaijan,#SanctionAzerbaijan,arm,negative,territorial conflict,Twitter snowballing,April 2021,,https://ibax-app.com/posts?keyword=#SanctionAzerbaijan
valid,checked,checked,en,#StopAzerbaijaniAggression,#StopAzerbaijaniAggression,arm,negative,territorial conflict,Twitter snowballing,April 2021,,https://ibax-app.com/posts?keyword=#StopAzerbaijaniAggression
valid,checked,checked,en,#StopAzeriAggression,#StopAzeriAggression,arm,negative,territorial conflict,Twitter snowballing,April 2021,,https://ibax-app.com/posts?keyword=#StopAzeriAggression
valid,checked,checked,en,#AliyevWarCriminal,#AliyevWarCriminal,arm,negative,territorial conflict,Twitter snowballing,April 2021,,https://ibax-app.com/posts?keyword=#AliyevWarCriminal
valid,checked,checked,en,#ShushiIsArmenia,#ShushiIsArmenia,arm,negative,territorial conflict,Twitter snowballing,April 2021,,https://ibax-app.com/posts?keyword=#ShushiIsArmenia
valid,checked,checked,en,#stopaliyev,#stopaliyev,arm,negative,territorial conflict,Twitter snowballing,April 2021,,https://ibax-app.com/posts?keyword=#stopaliyev
valid,checked,checked,en,#ArtsakhIsArmenia,#ArtsakhIsArmenia,arm,negative,territorial conflict,Twitter snowballing,April 2021,,https://ibax-app.com/posts?keyword=#ArtsakhIsArmenia
valid,checked,checked,en,#armeniastrong,#armeniastrong,arm,negative,territorial conflict,Twitter snowballing,April 2021,,https://ibax-app.com/posts?keyword=#armeniastrong
valid,checked,checked,en,#artsakhstrong,#artsakhstrong,arm,negative,territorial conflict,Twitter snowballing,April 2021,,https://ibax-app.com/posts?keyword=#artsakhstrong
valid,checked,checked,en,Kalbajar,Kalbajar,az,negative,territorial conflict,Twitter snowballing,April 2021,,https://ibax-app.com/posts?keyword=Kalbajar
valid,checked,checked,az,Kəlbəcər,Kalbajar,az,negative,territorial conflict,Twitter snowballing,April 2021,,https://ibax-app.com/posts?keyword=Kəlbəcər
valid,checked,checked,az,Laçın,Lachin,az,negative,territorial conflict,Twitter snowballing,April 2021,,https://ibax-app.com/posts?keyword=Laçın
valid,checked,checked,az,Şuşa,Shusha,az,negative,territorial conflict,Twitter snowballing,April 2021,,https://ibax-app.com/posts?keyword=Şuşa
valid,checked,checked,en,#FreeArmenianHostages,#FreeArmenianHostages,arm,negative,territorial conflict,Twitter snowballing,April 2021,,https://ibax-app.com/posts?keyword=#FreeArmenianHostages
valid,checked,checked,en,#FreeArmenianPOWs,#FreeArmenianPOWs,arm,negative,territorial conflict,Twitter snowballing,April 2021,,https://ibax-app.com/posts?keyword=#FreeArmenianPOWs
valid,checked,checked,en,#UntilTheyAreHome,#UntilTheyAreHome,arm,negative,territorial conflict,Twitter snowballing,April 2021,,https://ibax-app.com/posts?keyword=#UntilTheyAreHome
valid,checked,checked,en,#artsakh,#artsakh,arm,negative,territorial conflict,Twitter snowballing,April 2021,,https://ibax-app.com/posts?keyword=#artsakh
valid,checked,checked,en,#PeaceForArmenia,#PeaceForArmenia,arm,neutral,territorial conflict,Twitter snowballing,April 2021,,https://ibax-app.com/posts?keyword=#PeaceForArmenia
valid,checked,checked,en,#peaceForArmenians,#peaceForArmenians,arm,neutral,territorial conflict,Twitter snowballing,April 2021,,https://ibax-app.com/posts?keyword=#peaceForArmenians
valid,checked,checked,en,#ArmAzeriPeace,#ArmAzeriPeace,bipartite,positive,territorial conflict,Twitter snowballing,April 2021,,https://ibax-app.com/posts?keyword=#ArmAzeriPeace
valid,checked,checked,en,#ArmAzetalks,#ArmAzetalks,bipartite,positive,territorial conflict,Twitter snowballing,April 2021,,https://ibax-app.com/posts?keyword=#ArmAzetalks
valid,checked,checked,ru,уничтожить азербайджанцев,Destroy Azerbaijanis,arm,incitement,,Wikipedia list of massacres in NK,May 2021,,https://ibax-app.com/posts?keyword=уничтожить азербайджанцев
valid,checked,checked,ru,убить азербайджанцев,Kill Azerbaijanis,arm,incitement,,Wikipedia list of massacres in NK,May 2021,,https://ibax-app.com/posts?keyword=убить азербайджанцев
valid,checked,checked,arm,Բաքվի ջարդեր,Baku pogrom,arm,negative,historical issue,Wikipedia list of massacres in NK,April 2021,,https://ibax-app.com/posts?keyword=Բաքվի ջարդեր
valid,checked,checked,arm,Գայբալուի կոտորած,Khaibalikend massacre,arm,negative,historical issue,Wikipedia list of massacres in NK,April 2021,,https://ibax-app.com/posts?keyword=Գայբալուի կոտորած
valid,checked,checked,arm,Գանձակի Ջարդեր,Kirovabad pogrom,arm,negative,historical issue,Wikipedia list of massacres in NK,April 2021,,https://ibax-app.com/posts?keyword=Գանձակի Ջարդեր
valid,checked,checked,arm,Շուշիի ջարդեր,Shushi massacre,arm,negative,historical issue,Wikipedia list of massacres in NK,April 2021,,https://ibax-app.com/posts?keyword=Շուշիի ջարդեր
valid,checked,checked,arm,Ղարադաղլուի ազատագրում,Capture of Garadaghly,az,negative,historical issue,Wikipedia list of massacres in NK,April 2021,,https://ibax-app.com/posts?keyword=Ղարադաղլուի ազատագրում
valid,checked,checked,arm,Մալիբեկլուի ազատագրում,Capture of Gushchular and Malibeyli,az,negative,historical issue,Wikipedia list of massacres in NK,April 2021,,https://ibax-app.com/posts?keyword=Մալիբեկլուի ազատագրում
valid,checked,checked,arm,Խոջալուի ցեղասպանություն,Khojali genocide,az,negative,historical issue,Wikipedia list of massacres in NK,April 2021,,https://ibax-app.com/posts?keyword=Խոջալուի ցեղասպանություն
valid,checked,checked,arm,Մարտյան ցեղասպանություն,March days,az,negative,historical issue,Wikipedia list of massacres in NK,April 2021,,https://ibax-app.com/posts?keyword=Մարտյան ցեղասպանություն
valid,checked,checked,az,Sumqayıt hadisələri,Sumgait pogrom,arm,negative,historical issue,Wikipedia list of massacres in NK,May 2021,,https://ibax-app.com/posts?keyword=Sumqayıt hadisələri
valid,checked,checked,ru,Бакинская резня,Baku pogrom,arm,negative,historical issue,Wikipedia list of massacres in NK,May 2021,,https://ibax-app.com/posts?keyword=Бакинская резня
valid,checked,checked,ru,Резня в Гайбалу,Khaibalikend massacre,arm,negative,historical issue,Wikipedia list of massacres in NK,May 2021,,https://ibax-app.com/posts?keyword=Резня в Гайбалу
valid,checked,checked,ru,Освобождение Карадаглу,Liberation Karadaglu,arm,negative,historical issue,Wikipedia list of massacres in NK,May 2021,,https://ibax-app.com/posts?keyword=Освобождение Карадаглу
valid,checked,checked,ru,Резня в Мараге,Maraga massacre,arm,negative,historical issue,Wikipedia list of massacres in NK,May 2021,,https://ibax-app.com/posts?keyword=Резня в Мараге
valid,checked,checked,ru,Резня в Шуши,Shusha massacre,arm,negative,historical issue,Wikipedia list of massacres in NK,May 2021,,https://ibax-app.com/posts?keyword=Резня в Шуши
valid,checked,checked,ru,Сумгаитская резня,Sumgait pogrom,arm,negative,historical issue,Wikipedia list of massacres in NK,May 2021,,https://ibax-app.com/posts?keyword=Сумгаитская резня
valid,checked,checked,ru,Ходжалинский геноцид,Khojali genocide,az,negative,historical issue,Wikipedia list of massacres in NK,May 2021,,https://ibax-app.com/posts?keyword=Ходжалинский геноцид
valid,checked,checked,arm,Ադրբեջանցի վանդալներ,Azerbaijani vandals,arm,hate speech,territorial conflict,Yerevan Press Club hate speech glossary,April 2021,,https://ibax-app.com/posts?keyword=Ադրբեջանցի վանդալներ
valid,checked,checked,az,Erməni quldurları,Armenian pirates,az,hate speech,territorial conflict,Yerevan Press Club hate speech glossary,April 2021,,https://ibax-app.com/posts?keyword=Erməni quldurları
valid,checked,checked,az,Erməni separatçıları,Armenian separatists,az,hate speech,territorial conflict,Yerevan Press Club hate speech glossary,April 2021,,https://ibax-app.com/posts?keyword=Erməni separatçıları
valid,checked,checked,az,Erməni terrorizmi,Armenian terrorism,az,hate speech,territorial conflict,Yerevan Press Club hate speech glossary,April 2021,,https://ibax-app.com/posts?keyword=Erməni terrorizmi
valid,checked,checked,az,Erməni faşistləri,Armenian fascists,az,hate speech,territorial conflict,Yerevan Press Club hate speech glossary,April 2021,,https://ibax-app.com/posts?keyword=Erməni faşistləri
valid,checked,checked,arm,Ադրբեջանի ագրեսիվ քաղաքականություն ,Azerbaijani aggressive policy,arm,negative,territorial conflict,Yerevan Press Club hate speech glossary,April 2021,,https://ibax-app.com/posts?keyword=Ադրբեջանի ագրեսիվ քաղաքականություն 
valid,checked,checked,arm,Ադրբեջանի ռազմատենչ քաղաքականություն,Azerbaijan's belligerent policy,arm,negative,territorial conflict,Yerevan Press Club hate speech glossary,April 2021,,https://ibax-app.com/posts?keyword=Ադրբեջանի ռազմատենչ քաղաքականություն
valid,checked,checked,arm,Ադրբեջանական քարոզչություն,Azerbaijani propaganda,arm,negative,territorial conflict,Yerevan Press Club hate speech glossary,April 2021,,https://ibax-app.com/posts?keyword=Ադրբեջանական քարոզչություն
valid,checked,checked,arm,"մեկ ազգ, երկու պետություն","one nation, two state",arm,negative,territorial conflict,Yerevan Press Club hate speech glossary,April 2021,,"https://ibax-app.com/posts?keyword=մեկ ազգ, երկու պետություն"
valid,checked,checked,arm,Նախիջևանի բռնակցումը,The annexation of Nakhichevan,arm,negative,historical issue,Yerevan Press Club hate speech glossary,April 2021,,https://ibax-app.com/posts?keyword=Նախիջևանի բռնակցումը
valid,checked,checked,az,Erməni yalanı,Armenian lie,az,negative,territorial conflict,Yerevan Press Club hate speech glossary,April 2021,,https://ibax-app.com/posts?keyword=Erməni yalanı
valid,checked,checked,az,Erməni işğalçıları,Armenian occupants,az,negative,territorial conflict,Yerevan Press Club hate speech glossary,April 2021,,https://ibax-app.com/posts?keyword=Erməni işğalçıları
valid,checked,checked,az,Xocalı soyqırımı,khojaly genocide,az,negative,historical issue,Yerevan Press Club hate speech glossary,April 2021,,https://ibax-app.com/posts?keyword=Xocalı soyqırımı
valid,checked,checked,az,Qarabağın işğalı,Occupation of Karabakh,az,negative,territorial conflict,Yerevan Press Club hate speech glossary,April 2021,,https://ibax-app.com/posts?keyword=Qarabağın işğalı
valid,checked,checked,az,Xankəndi,Khankandi,az,negative,territorial conflict,Yerevan Press Club hate speech glossary,April 2021,,https://ibax-app.com/posts?keyword=Xankəndi
valid,checked,checked,az,işğal olunmuş ərazilər,occupied territories,az,negative,territorial conflict,Yerevan Press Club hate speech glossary,April 2021,,https://ibax-app.com/posts?keyword=işğal olunmuş ərazilər
valid,checked,checked,az,İrəvan,Yerevan,az,negative,territorial conflict,Yerevan Press Club hate speech glossary,April 2021,,https://ibax-app.com/posts?keyword=İrəvan
valid,checked,checked,ru,Сумгаитская резня,Sumgait pogrom,arm,negative,historical issue,Yerevan Press Club hate speech glossary,May 2021,,https://ibax-app.com/posts?keyword=Сумгаитская резня
valid,checked,checked,arm,Քարվաճառ,Karvachar,arm,neutral,territorial conflict,Yerevan Press Club hate speech glossary,April 2021,,https://ibax-app.com/posts?keyword=Քարվաճառ
valid,checked,checked,arm,Քաշաթաղ,Kashatagh,arm,neutral,territorial conflict,Yerevan Press Club hate speech glossary,April 2021,,https://ibax-app.com/posts?keyword=Քաշաթաղ